0,0,51.6F,3.98
0.05,1,51.6F,3.98
0.1,1,51.6F,3.98
0.15,0,51.6F,3.98
0.2,1,51.7F,3.98
0.25,0,51.7F,3.98
0.3,0,51.6F,3.98
0.35,1,51.6F,3.98
0.4,1,51.7F,3.98
0.45,1,51.6F,3.98
0.5,0,51.7F,3.98
0.55,0,51.6F,3.98
0.6,1,51.6F,3.98
0.65,0,51.7F,3.98
0.7,0,51.6F,3.98
0.75,0,51.6F,3.98
0.8,0,51.6F,3.98
0.85,0,51.6F,3.98
0.9,1,51.6F,3.98
0.95,50,51.7F,3.98
1,5,51.6F,3.98
1.05,9,51.7F,3.98
1.1,17,51.7F,3.98
1.15,28,51.7F,3.98
1.2,42,51.6F,3.98
1.25,54,51.6F,3.98
1.3,69,51.6F,3.98
1.35,91,51.7F,3.98
1.4,117,51.7F,3.98
1.45,142,51.6F,3.98
1.5,175,51.6F,3.98
1.55,217,51.7F,3.98
1.6,253,51.6F,3.98
1.65,285,51.6F,3.98
1.7,305,51.6F,3.98
1.75,333,51.7F,3.98
1.8,370,51.7F,3.98
1.85,400,51.7F,3.98
1.9,411,51.7F,3.98
1.95,423,51.7F,3.98
2,426,51.7F,3.98
2.05,426,51.7F,3.98
2.1,427,51.7F,3.98
2.15,434,51.7F,3.98
2.2,439,51.7F,3.98
2.25,443,51.7F,3.98
2.3,455,51.7F,3.98
2.35,457,51.7F,3.98
2.4,467,51.7F,3.98
2.45,467,51.7F,3.98
2.5,471,51.7F,3.98
2.55,473,51.7F,3.98
2.6,478,51.7F,3.98
2.65,485,51.7F,3.98
2.7,490,51.7F,3.98
2.75,495,51.6F,3.98
2.8,502,51.7F,3.98
2.85,504,51.7F,3.98
2.9,509,51.7F,3.98
2.95,514,51.7F,3.98
3,519,51.6F,3.98
3.05,523,51.7F,3.98
3.1,530,51.7F,3.98
3.15,537,51.7F,3.98
3.2,545,51.7F,3.98
3.25,543,51.7F,3.98
3.3,547,51.7F,3.98
3.35,550,51.7F,3.98
3.4,559,51.7F,3.98
3.45,564,51.7F,3.98
3.5,568,51.7F,3.98
3.55,572,51.7F,3.98
3.6,573,51.7F,3.98
3.65,579,51.7F,3.98
3.7,584,51.7F,3.98
3.75,592,51.7F,3.98
3.8,596,51.7F,3.98
3.85,600,51.7F,3.98
3.9,606,51.6F,3.98
3.95,607,51.6F,3.98
4,612,51.7F,3.98
4.05,613,51.7F,3.98
4.1,618,51.7F,3.98
4.15,623,51.7F,3.98
4.2,632,51.7F,3.98
4.25,638,51.7F,3.98
4.3,640,51.7F,3.98
4.35,636,51.7F,3.98
4.4,640,51.7F,3.98
4.45,644,51.7F,3.98
4.5,649,51.6F,3.98
4.55,654,51.7F,3.98
4.6,659,51.7F,3.98
4.65,666,51.6F,3.98
4.7,672,51.7F,3.98
4.75,676,51.7F,3.98
4.8,679,51.7F,3.98
4.85,681,51.7F,3.98
4.9,682,51.7F,3.98
4.95,680,51.7F,3.98
5,682,51.7F,3.98
5.05,683,51.7F,3.98
5.1,686,51.7F,3.98
5.15,690,51.7F,3.98
5.2,693,51.7F,3.98
5.25,698,51.6F,3.98
5.3,700,51.7F,3.98
5.35,704,51.7F,3.98
5.4,707,51.7F,3.98
5.45,709,51.6F,3.98
5.5,711,51.7F,3.98
5.55,713,51.6F,3.98
5.6,715,51.7F,3.98
5.65,718,51.6F,3.98
5.7,720,51.6F,3.98
5.75,723,51.6F,3.98
5.8,724,51.7F,3.98
5.85,725,51.7F,3.98
5.9,728,51.7F,3.98
5.95,729,51.6F,3.98
6,732,51.7F,3.98
6.05,734,51.7F,3.98
6.1,737,51.6F,3.98
6.15,739,51.7F,3.98
6.2,740,51.6F,3.98
6.25,741,51.6F,3.98
6.3,743,51.7F,3.98
6.35,744,51.6F,3.98
6.4,746,51.6F,3.98
6.45,746,51.6F,3.98
6.5,747,51.7F,3.98
6.55,749,51.7F,3.98
6.6,750,51.6F,3.98
6.65,752,51.7F,3.98
6.7,753,51.6F,3.98
6.75,755,51.7F,3.98
6.8,756,51.6F,3.98
6.85,756,51.6F,3.98
6.9,757,51.6F,3.98
6.95,759,51.7F,3.98
7,759,51.6F,3.98
7.05,759,51.7F,3.98
7.1,761,51.7F,3.98
7.15,762,51.6F,3.98
7.2,761,51.6F,3.98
7.25,762,51.6F,3.98
7.3,764,51.6F,3.98
7.35,764,51.7F,3.98
7.4,764,51.6F,3.98
7.45,762,51.6F,3.98
7.5,768,51.6F,3.98
7.55,769,51.6F,3.98
7.6,770,51.6F,3.98
7.65,770,51.6F,3.98
7.7,769,51.6F,3.98
7.75,767,51.6F,3.98
7.8,769,51.6F,3.98
7.85,768,51.6F,3.98
7.9,767,51.6F,3.98
7.95,768,51.6F,3.98
8,766,51.6F,3.98
8.05,766,51.6F,3.98
8.1,765,51.6F,3.98
8.15,764,51.6F,3.98
8.2,765,51.6F,3.98
8.25,765,51.6F,3.98
8.3,765,51.6F,3.98
8.35,766,51.6F,3.98
8.4,758,51.6F,3.98
8.45,761,51.6F,3.98
8.5,757,51.6F,3.98
8.55,758,51.6F,3.98
8.6,759,51.7F,3.98
8.65,758,51.6F,3.98
8.7,755,51.6F,3.98
8.75,756,51.6F,3.98
8.8,757,51.6F,3.98
8.85,754,51.6F,3.98
8.9,754,51.6F,3.98
8.95,752,51.6F,3.98
9,752,51.6F,3.98
9.05,750,51.6F,3.98
9.1,750,51.7F,3.98
9.15,753,51.6F,3.98
9.2,752,51.6F,3.98
9.25,751,51.6F,3.98
9.3,749,51.6F,3.98
9.35,749,51.7F,3.98
9.4,750,51.6F,3.98
9.45,748,51.6F,3.98
9.5,745,51.6F,3.98
9.55,744,51.6F,3.98
9.6,744,51.6F,3.98
9.65,743,51.6F,3.98
9.7,742,51.6F,3.98
9.75,743,51.6F,3.98
9.8,742,51.6F,3.98
9.85,743,51.6F,3.98
9.9,740,51.6F,3.98
9.95,737,51.6F,3.98
10,737,51.6F,3.98
10.05,743,51.6F,3.98
10.1,742,51.6F,3.98
10.15,736,51.6F,3.98
10.2,742,51.6F,3.98
10.25,741,51.6F,3.98
10.3,735,51.6F,3.98
10.35,737,51.6F,3.98
10.4,738,51.6F,3.98
10.45,737,51.6F,3.98
10.5,736,51.6F,3.98
10.55,735,51.6F,3.98
10.6,733,51.6F,3.98
10.65,730,51.6F,3.98
10.7,731,51.6F,3.98
10.75,733,51.6F,3.98
10.8,733,51.6F,3.98
10.85,735,51.6F,3.98
10.9,734,51.6F,3.98
10.95,733,51.6F,3.98
11,730,51.6F,3.98
11.05,726,51.6F,3.98
11.1,724,51.6F,3.98
11.15,725,51.6F,3.98
11.2,726,51.6F,3.98
11.25,726,51.6F,3.98
11.3,723,51.6F,3.98
11.35,723,51.6F,3.98
11.4,723,51.6F,3.98
11.45,721,51.6F,3.98
11.5,719,51.6F,3.98
11.55,718,51.6F,3.98
11.6,719,51.6F,3.98
11.65,716,51.6F,3.98
11.7,715,51.6F,3.98
11.75,717,51.6F,3.98
11.8,717,51.6F,3.98
11.85,717,51.6F,3.98
11.9,716,51.6F,3.98
11.95,714,51.6F,3.98
12,713,51.6F,3.98
12.05,714,51.6F,3.98
12.1,713,51.6F,3.98
12.15,712,51.6F,3.98
12.2,711,51.6F,3.98
12.25,708,51.6F,3.98
12.3,708,51.6F,3.98
12.35,711,51.6F,3.98
12.4,711,51.6F,3.98
12.45,710,51.6F,3.98
12.5,709,51.6F,3.98
12.55,709,51.6F,3.98
12.6,707,51.6F,3.98
12.65,707,51.6F,3.98
12.7,706,51.6F,3.98
12.75,704,51.6F,3.98
12.8,704,51.6F,3.98
12.85,703,51.6F,3.98
12.9,702,51.6F,3.98
12.95,702,51.6F,3.98
13,701,51.6F,3.98
13.05,700,51.6F,3.98
13.1,700,51.6F,3.98
13.15,700,51.6F,3.98
13.2,698,51.6F,3.98
13.25,697,51.6F,3.98
13.3,697,51.6F,3.98
13.35,696,51.6F,3.98
13.4,694,51.6F,3.98
13.45,695,51.6F,3.98
13.5,693,51.6F,3.98
13.55,693,51.6F,3.98
13.6,693,51.6F,3.98
13.65,692,51.6F,3.98
13.7,691,51.6F,3.98
13.75,690,51.6F,3.98
13.8,690,51.6F,3.98
13.85,689,51.6F,3.98
13.9,688,51.6F,3.98
13.95,688,51.6F,3.98
14,688,51.6F,3.98
14.05,688,51.6F,3.98
14.1,688,51.6F,3.98
14.15,686,51.6F,3.98
14.2,685,51.6F,3.98
14.25,685,51.6F,3.98
14.3,684,51.6F,3.98
14.35,682,51.6F,3.98
14.4,683,51.6F,3.98
14.45,682,51.6F,3.98
14.5,681,51.6F,3.98
14.55,680,51.6F,3.98
14.6,679,51.6F,3.98
14.65,675,51.6F,3.98
14.7,674,51.6F,3.98
14.75,674,51.6F,3.98
14.8,672,51.6F,3.98
14.85,671,51.6F,3.98
14.9,671,51.6F,3.98
14.95,670,51.6F,3.98
15,670,51.6F,3.98
15.05,671,51.6F,3.98
15.1,671,51.6F,3.98
15.15,671,51.6F,3.98
15.2,671,51.6F,3.98
15.25,670,51.6F,3.98
15.3,669,51.6F,3.98
15.35,668,51.6F,3.98
15.4,666,51.6F,3.98
15.45,667,51.6F,3.98
15.5,664,51.6F,3.98
15.55,664,51.6F,3.98
15.6,663,51.6F,3.98
15.65,663,51.6F,3.98
15.7,662,51.6F,3.98
15.75,661,51.6F,3.98
15.8,659,51.6F,3.98
15.85,659,51.6F,3.98
15.9,658,51.6F,3.98
15.95,657,51.6F,3.98
16,657,51.6F,3.98
16.05,656,51.6F,3.98
16.1,656,51.6F,3.98
16.15,656,51.6F,3.98
16.2,655,51.6F,3.98
16.25,654,51.6F,3.98
16.3,653,51.6F,3.98
16.35,653,51.6F,3.98
16.4,653,51.6F,3.98
16.45,653,51.6F,3.98
16.5,653,51.6F,3.98
16.55,650,51.6F,3.98
16.6,647,51.6F,3.98
16.65,643,51.6F,3.98
16.7,643,51.6F,3.98
16.75,642,51.6F,3.98
16.8,641,51.6F,3.98
16.85,640,51.6F,3.98
16.9,642,51.6F,3.98
16.95,642,51.6F,3.98
17,642,51.6F,3.98
17.05,641,51.6F,3.98
17.1,639,51.6F,3.98
17.15,639,51.6F,3.98
17.2,639,51.6F,3.98
17.25,636,51.6F,3.98
17.3,634,51.6F,3.98
17.35,634,51.6F,3.98
17.4,633,51.6F,3.98
17.45,632,51.6F,3.98
17.5,632,51.6F,3.98
17.55,631,51.6F,3.98
17.6,629,51.6F,3.98
17.65,630,51.6F,3.98
17.7,630,51.6F,3.98
17.75,630,51.6F,3.98
17.8,628,51.6F,3.98
17.85,627,51.6F,3.98
17.9,626,51.6F,3.98
17.95,622,51.6F,3.98
18,621,51.6F,3.98
18.05,620,51.6F,3.98
18.1,621,51.6F,3.98
18.15,622,51.6F,3.98
18.2,622,51.6F,3.98
18.25,621,51.6F,3.98
18.3,619,51.6F,3.98
18.35,619,51.6F,3.98
18.4,618,51.6F,3.98
18.45,616,51.6F,3.98
18.5,615,51.6F,3.98
18.55,614,51.6F,3.98
18.6,613,51.6F,3.98
18.65,613,51.6F,3.98
18.7,612,51.6F,3.98
18.75,610,51.6F,3.98
18.8,611,51.6F,3.98
18.85,611,51.6F,3.98
18.9,610,51.6F,3.98
18.95,609,51.6F,3.98
19,609,51.6F,3.98
19.05,609,51.6F,3.98
19.1,607,51.6F,3.98
19.15,606,51.6F,3.98
19.2,601,51.6F,3.98
19.25,600,51.6F,3.98
19.3,600,51.6F,3.98
19.35,599,51.6F,3.98
19.4,600,51.6F,3.98
19.45,602,51.6F,3.98
19.5,602,51.6F,3.98
19.55,597,51.6F,3.98
19.6,596,51.6F,3.98
19.65,595,51.6F,3.98
19.7,594,51.6F,3.98
19.75,593,51.6F,3.98
19.8,592,51.6F,3.98
19.85,595,51.6F,3.98
19.9,595,51.6F,3.98
19.95,594,51.6F,3.98
20,592,51.6F,3.98
20.05,592,51.6F,3.98
20.1,592,51.6F,3.98
20.15,593,51.6F,3.98
20.2,592,51.6F,3.98
20.25,591,51.6F,3.98
20.3,588,51.6F,3.98
20.35,586,51.6F,3.98
20.4,586,51.6F,3.98
20.45,586,51.6F,3.98
20.5,586,51.6F,3.98
20.55,584,51.6F,3.98
20.6,586,51.6F,3.98
20.65,585,51.6F,3.98
20.7,585,51.6F,3.98
20.75,583,51.6F,3.98
20.8,578,51.6F,3.98
20.85,577,51.6F,3.98
20.9,577,51.6F,3.98
20.95,579,51.6F,3.98
21,579,51.6F,3.98
21.05,581,51.6F,3.98
21.1,580,51.6F,3.98
21.15,578,51.6F,3.98
21.2,578,51.6F,3.98
21.25,576,51.6F,3.98
21.3,574,51.6F,3.98
21.35,574,51.6F,3.98
21.4,572,51.6F,3.98
21.45,569,51.6F,3.98
21.5,569,51.6F,3.98
21.55,568,51.6F,3.98
21.6,568,51.6F,3.98
21.65,568,51.6F,3.98
21.7,566,51.6F,3.98
21.75,566,51.6F,3.98
21.8,567,51.6F,3.98
21.85,566,51.6F,3.98
21.9,565,51.6F,3.98
21.95,565,51.6F,3.98
22,563,51.6F,3.98
22.05,561,51.6F,3.98
22.1,560,51.6F,3.98
22.15,560,51.6F,3.98
22.2,560,51.6F,3.98
22.25,559,51.6F,3.98
22.3,554,51.6F,3.98
22.35,554,51.6F,3.98
22.4,553,51.6F,3.98
22.45,556,51.6F,3.98
22.5,555,51.6F,3.98
22.55,554,51.6F,3.98
22.6,553,51.6F,3.98
22.65,552,51.6F,3.98
22.7,552,51.6F,3.98
22.75,552,51.6F,3.98
22.8,552,51.6F,3.98
22.85,552,51.6F,3.98
22.9,549,51.6F,3.98
22.95,548,51.6F,3.98
23,548,51.6F,3.98
23.05,548,51.6F,3.98
23.1,547,51.6F,3.98
23.15,545,51.6F,3.98
23.2,545,51.6F,3.98
23.25,543,51.6F,3.98
23.3,543,51.6F,3.98
23.35,542,51.6F,3.98
23.4,541,51.6F,3.98
23.45,541,51.6F,3.98
23.5,541,51.6F,3.98
23.55,541,51.6F,3.98
23.6,541,51.6F,3.98
23.65,540,51.6F,3.98
23.7,540,51.6F,3.98
23.75,539,51.6F,3.98
23.8,537,51.6F,3.98
23.85,537,51.6F,3.98
23.9,536,51.6F,3.98
23.95,533,51.6F,3.98
24,530,51.6F,3.98
24.05,530,51.5F,3.98
24.1,530,51.6F,3.98
24.15,529,51.5F,3.98
24.2,527,51.6F,3.98
24.25,525,51.6F,3.98
24.3,525,51.6F,3.98
24.35,523,51.6F,3.98
24.4,523,51.5F,3.98
24.45,523,51.6F,3.98
24.5,523,51.5F,3.98
24.55,520,51.6F,3.98
24.6,520,51.5F,3.98
24.65,523,51.6F,3.98
24.7,523,51.6F,3.98
24.75,524,51.5F,3.98
24.8,523,51.6F,3.98
24.85,522,51.5F,3.98
24.9,521,51.6F,3.98
24.95,520,51.6F,3.98
25,520,51.6F,3.98
25.05,520,51.6F,3.98
25.1,518,51.6F,3.98
25.15,518,51.5F,3.98
25.2,518,51.5F,3.98
25.25,516,51.5F,3.98
25.3,515,51.6F,3.98
25.35,513,51.5F,3.98
25.4,512,51.5F,3.98
25.45,511,51.5F,3.98
25.5,510,51.5F,3.98
25.55,509,51.6F,3.98
25.6,509,51.5F,3.98
25.65,508,51.5F,3.98
25.7,508,51.5F,3.98
25.75,508,51.5F,3.98
25.8,508,51.5F,3.98
25.85,506,51.5F,3.98
25.9,506,51.5F,3.98
25.95,504,51.5F,3.98
26,503,51.5F,3.98
26.05,503,51.5F,3.98
26.1,501,51.5F,3.98
26.15,500,51.5F,3.98
26.2,499,51.5F,3.98
26.25,499,51.5F,3.98
26.3,496,51.5F,3.98
26.35,495,51.5F,3.98
26.4,496,51.5F,3.98
26.45,496,51.5F,3.98
26.5,495,51.5F,3.98
26.55,495,51.5F,3.98
26.6,493,51.5F,3.98
26.65,492,51.5F,3.98
26.7,493,51.5F,3.98
26.75,493,51.5F,3.98
26.8,493,51.5F,3.98
26.85,493,51.5F,3.98
26.9,492,51.5F,3.98
26.95,491,51.5F,3.98
27,491,51.5F,3.98
27.05,490,51.5F,3.98
27.1,488,51.5F,3.98
27.15,487,51.5F,3.98
27.2,487,51.5F,3.98
27.25,484,51.5F,3.98
27.3,482,51.5F,3.98
27.35,482,51.5F,3.98
27.4,481,51.5F,3.98
27.45,480,51.5F,3.98
27.5,479,51.5F,3.98
27.55,479,51.5F,3.98
27.6,479,51.5F,3.98
27.65,481,51.5F,3.98
27.7,482,51.5F,3.98
27.75,482,51.5F,3.98
27.8,481,51.5F,3.98
27.85,479,51.5F,3.98
27.9,480,51.5F,3.98
27.95,479,51.5F,3.98
28,478,51.5F,3.98
28.05,477,51.5F,3.98
28.1,476,51.5F,3.98
28.15,475,51.5F,3.98
28.2,472,51.5F,3.98
28.25,471,51.5F,3.98
28.3,471,51.5F,3.98
28.35,471,51.5F,3.98
28.4,471,51.5F,3.98
28.45,470,51.5F,3.98
28.5,468,51.5F,3.98
28.55,468,51.5F,3.98
28.6,468,51.5F,3.98
28.65,469,51.5F,3.98
28.7,467,51.5F,3.98
28.75,466,51.5F,3.98
28.8,465,51.5F,3.98
28.85,466,51.5F,3.98
28.9,465,51.5F,3.98
28.95,465,51.5F,3.98
29,464,51.5F,3.98
29.05,463,51.5F,3.98
29.1,462,51.5F,3.98
29.15,459,51.5F,3.98
29.2,457,51.5F,3.98
29.25,456,51.5F,3.98
29.3,455,51.5F,3.98
29.35,455,51.5F,3.98
29.4,453,51.5F,3.98
29.45,453,51.5F,3.98
29.5,452,51.5F,3.98
29.55,455,51.5F,3.98
29.6,455,51.5F,3.98
29.65,454,51.5F,3.98
29.7,455,51.5F,3.98
29.75,455,51.5F,3.98
29.8,454,51.5F,3.98
29.85,453,51.5F,3.98
29.9,452,51.5F,3.98
29.95,453,51.5F,3.98
30,450,51.5F,3.98
30.05,449,51.5F,3.98
30.1,448,51.5F,3.98
30.15,447,51.5F,3.98
30.2,446,51.5F,3.98
30.25,446,51.5F,3.98
30.3,444,51.5F,3.98
30.35,443,51.5F,3.98
30.4,442,51.5F,3.98
30.45,443,51.5F,3.98
30.5,442,51.5F,3.98
30.55,441,51.5F,3.98
30.6,441,51.5F,3.98
30.65,442,51.5F,3.98
30.7,441,51.5F,3.98
30.75,439,51.5F,3.98
30.8,436,51.5F,3.98
30.85,433,51.5F,3.98
30.9,432,51.5F,3.98
30.95,432,51.5F,3.98
31,432,51.5F,3.98
31.05,431,51.5F,3.98
31.1,430,51.5F,3.98
31.15,430,51.5F,3.98
31.2,431,51.5F,3.98
31.25,432,51.5F,3.98
31.3,432,51.5F,3.98
31.35,428,51.5F,3.98
31.4,426,51.5F,3.98
31.45,425,51.5F,3.98
31.5,424,51.5F,3.98
31.55,422,51.5F,3.98
31.6,422,51.5F,3.98
31.65,422,51.5F,3.98
31.7,422,51.5F,3.98
31.75,421,51.5F,3.98
31.8,418,51.5F,3.98
31.85,418,51.5F,3.98
31.9,417,51.5F,3.98
31.95,415,51.5F,3.98
32,415,51.5F,3.98
32.05,416,51.5F,3.98
32.1,418,51.5F,3.98
32.15,418,51.5F,3.98
32.2,418,51.5F,3.98
32.25,418,51.5F,3.98
32.3,418,51.5F,3.98
32.35,417,51.5F,3.98
32.4,415,51.5F,3.98
32.45,414,51.5F,3.98
32.5,412,51.5F,3.98
32.55,412,51.5F,3.98
32.6,412,51.5F,3.98
32.65,410,51.5F,3.98
32.7,409,51.5F,3.98
32.75,408,51.5F,3.98
32.8,406,51.5F,3.98
32.85,406,51.5F,3.98
32.9,406,51.5F,3.98
32.95,405,51.5F,3.98
33,404,51.5F,3.98
33.05,404,51.5F,3.98
33.1,402,51.5F,3.98
33.15,401,51.5F,3.98
33.2,398,51.5F,3.98
33.25,397,51.5F,3.98
33.3,396,51.5F,3.98
33.35,395,51.5F,3.98
33.4,395,51.5F,3.98
33.45,396,51.5F,3.98
33.5,395,51.5F,3.98
33.55,394,51.5F,3.98
33.6,394,51.5F,3.98
33.65,394,51.5F,3.98
33.7,392,51.5F,3.98
33.75,391,51.5F,3.98
33.8,390,51.5F,3.98
33.85,389,51.5F,3.98
33.9,389,51.5F,3.98
33.95,388,51.5F,3.98
34,387,51.5F,3.98
34.05,387,51.5F,3.98
34.1,387,51.5F,3.98
34.15,386,51.5F,3.98
34.2,386,51.5F,3.98
34.25,384,51.5F,3.98
34.3,383,51.5F,3.98
34.35,381,51.5F,3.98
34.4,381,51.5F,3.98
34.45,379,51.5F,3.98
34.5,378,51.5F,3.98
34.55,379,51.5F,3.98
34.6,379,51.5F,3.98
34.65,378,51.5F,3.98
34.7,378,51.5F,3.98
34.75,377,51.5F,3.98
34.8,376,51.5F,3.98
34.85,376,51.5F,3.98
34.9,374,51.5F,3.98
34.95,374,51.5F,3.98
35,372,51.5F,3.98
35.05,372,51.5F,3.98
35.1,371,51.5F,3.98
35.15,370,51.5F,3.98
35.2,369,51.5F,3.98
35.25,370,51.5F,3.98
35.3,370,51.5F,3.98
35.35,369,51.5F,3.98
35.4,369,51.5F,3.98
35.45,368,51.5F,3.98
35.5,367,51.5F,3.98
35.55,366,51.5F,3.98
35.6,363,51.5F,3.98
35.65,360,51.5F,3.98
35.7,359,51.5F,3.98
35.75,359,51.5F,3.98
35.8,358,51.5F,3.98
35.85,357,51.5F,3.98
35.9,357,51.5F,3.98
35.95,355,51.5F,3.98
36,354,51.5F,3.98
36.05,354,51.5F,3.98
36.1,354,51.5F,3.98
36.15,355,51.5F,3.98
36.2,356,51.5F,3.98
36.25,353,51.5F,3.98
36.3,350,51.5F,3.98
36.35,350,51.5F,3.98
36.4,350,51.5F,3.98
36.45,350,51.5F,3.98
36.5,351,51.5F,3.98
36.55,350,51.5F,3.98
36.6,350,51.5F,3.98
36.65,348,51.5F,3.98
36.7,347,51.5F,3.98
36.75,346,51.5F,3.98
36.8,345,51.5F,3.98
36.85,344,51.5F,3.98
36.9,343,51.5F,3.98
36.95,342,51.5F,3.98
37,342,51.5F,3.98
37.05,341,51.5F,3.98
37.1,341,51.5F,3.98
37.15,340,51.5F,3.98
37.2,339,51.5F,3.98
37.25,340,51.5F,3.98
37.3,340,51.4F,3.98
37.35,338,51.5F,3.98
37.4,338,51.5F,3.98
37.45,337,51.5F,3.98
37.5,335,51.4F,3.98
37.55,335,51.5F,3.98
37.6,334,51.4F,3.98
37.65,331,51.4F,3.98
37.7,330,51.4F,3.98
37.75,329,51.4F,3.98
37.8,330,51.4F,3.98
37.85,329,51.5F,3.98
37.9,328,51.4F,3.98
37.95,327,51.4F,3.98
38,326,51.4F,3.98
38.05,325,51.4F,3.98
38.1,324,51.4F,3.98
38.15,323,51.4F,3.98
38.2,323,51.4F,3.98
38.25,322,51.4F,3.98
38.3,322,51.4F,3.98
38.35,321,51.4F,3.98
38.4,321,51.4F,3.98
38.45,319,51.4F,3.98
38.5,318,51.4F,3.98
38.55,318,51.4F,3.98
38.6,317,51.4F,3.98
38.65,316,51.4F,3.98
38.7,314,51.4F,3.98
38.75,314,51.4F,3.98
38.8,312,51.4F,3.98
38.85,313,51.4F,3.98
38.9,314,51.4F,3.98
38.95,313,51.4F,3.98
39,313,51.4F,3.98
39.05,312,51.4F,3.98
39.1,312,51.4F,3.98
39.15,311,51.4F,3.98
39.2,310,51.4F,3.98
39.25,309,51.4F,3.98
39.3,309,51.4F,3.98
39.35,307,51.4F,3.98
39.4,307,51.4F,3.98
39.45,306,51.4F,3.98
39.5,305,51.4F,3.98
39.55,304,51.4F,3.98
39.6,303,51.4F,3.98
39.65,302,51.4F,3.98
39.7,301,51.4F,3.98
39.75,300,51.4F,3.98
39.8,299,51.4F,3.98
39.85,299,51.4F,3.98
39.9,297,51.4F,3.98
39.95,298,51.4F,3.98
40,295,51.4F,3.98
40.05,295,51.4F,3.98
40.1,294,51.4F,3.98
40.15,293,51.4F,3.98
40.2,292,51.4F,3.98
40.25,290,51.4F,3.98
40.3,289,51.4F,3.98
40.35,288,51.4F,3.98
40.4,287,51.4F,3.98
40.45,285,51.4F,3.98
40.5,283,51.4F,3.98
40.55,283,51.4F,3.98
40.6,282,51.4F,3.98
40.65,283,51.4F,3.98
40.7,283,51.4F,3.98
40.75,281,51.4F,3.98
40.8,281,51.4F,3.98
40.85,280,51.4F,3.98
40.9,279,51.4F,3.98
40.95,278,51.4F,3.98
41,277,51.4F,3.98
41.05,277,51.4F,3.98
41.1,275,51.4F,3.98
41.15,273,51.4F,3.98
41.2,272,51.4F,3.98
41.25,271,51.4F,3.98
41.3,271,51.4F,3.98
41.35,269,51.4F,3.98
41.4,268,51.4F,3.98
41.45,268,51.4F,3.98
41.5,267,51.4F,3.98
41.55,268,51.4F,3.98
41.6,267,51.4F,3.98
41.65,266,51.4F,3.98
41.7,266,51.4F,3.98
41.75,266,51.4F,3.98
41.8,264,51.4F,3.98
41.85,261,51.4F,3.98
41.9,257,51.4F,3.98
41.95,257,51.4F,3.98
42,256,51.4F,3.98
42.05,258,51.4F,3.98
42.1,258,51.4F,3.98
42.15,255,51.4F,3.98
42.2,254,51.4F,3.98
42.25,253,51.4F,3.98
42.3,257,51.4F,3.98
42.35,256,51.4F,3.98
42.4,254,51.4F,3.98
42.45,249,51.4F,3.98
42.5,249,51.4F,3.98
42.55,248,51.4F,3.98
42.6,246,51.4F,3.98
42.65,247,51.4F,3.98
42.7,247,51.4F,3.98
42.75,245,51.4F,3.98
42.8,242,51.4F,3.98
42.85,241,51.4F,3.98
42.9,243,51.4F,3.98
42.95,243,51.4F,3.98
43,242,51.4F,3.98
43.05,241,51.4F,3.98
43.1,239,51.4F,3.98
43.15,239,51.4F,3.98
43.2,239,51.4F,3.98
43.25,239,51.4F,3.98
43.3,238,51.4F,3.98
43.35,237,51.4F,3.98
43.4,234,51.4F,3.98
43.45,233,51.4F,3.98
43.5,232,51.4F,3.98
43.55,231,51.4F,3.98
43.6,230,51.4F,3.98
43.65,230,51.4F,3.98
43.7,229,51.4F,3.98
43.75,228,51.4F,3.98
43.8,228,51.4F,3.98
43.85,226,51.4F,3.98
43.9,226,51.4F,3.98
43.95,226,51.4F,3.98
44,225,51.4F,3.98
44.05,224,51.4F,3.98
44.1,225,51.4F,3.98
44.15,224,51.4F,3.98
44.2,223,51.4F,3.98
44.25,221,51.4F,3.98
44.3,219,51.4F,3.98
44.35,218,51.4F,3.98
44.4,215,51.4F,3.98
44.45,214,51.4F,3.98
44.5,214,51.4F,3.98
44.55,213,51.4F,3.98
44.6,213,51.4F,3.98
44.65,212,51.4F,3.98
44.7,214,51.4F,3.98
44.75,214,51.4F,3.98
44.8,210,51.4F,3.98
44.85,208,51.4F,3.98
44.9,206,51.4F,3.98
44.95,209,51.4F,3.98
45,209,51.4F,3.98
45.05,208,51.4F,3.98
45.1,207,51.4F,3.98
45.15,206,51.4F,3.98
45.2,206,51.4F,3.98
45.25,206,51.4F,3.98
45.3,204,51.4F,3.98
45.35,203,51.4F,3.98
45.4,202,51.4F,3.98
45.45,201,51.4F,3.98
45.5,199,51.4F,3.98
45.55,198,51.4F,3.98
45.6,197,51.4F,3.98
45.65,196,51.4F,3.98
45.7,195,51.4F,3.98
45.75,195,51.3F,3.98
45.8,193,51.4F,3.98
45.85,193,51.4F,3.98
45.9,192,51.4F,3.98
45.95,191,51.3F,3.98
46,190,51.3F,3.98
46.05,189,51.4F,3.98
46.1,189,51.4F,3.98
46.15,189,51.3F,3.98
46.2,189,51.3F,3.98
46.25,190,51.3F,3.98
46.3,188,51.3F,3.98
46.35,188,51.3F,3.98
46.4,187,51.3F,3.98
46.45,186,51.3F,3.98
46.5,184,51.3F,3.98
46.55,179,51.3F,3.98
46.6,177,51.3F,3.98
46.65,176,51.3F,3.98
46.7,176,51.3F,3.98
46.75,179,51.3F,3.98
46.8,180,51.3F,3.98
46.85,179,51.3F,3.98
46.9,177,51.3F,3.98
46.95,174,51.3F,3.98
47,171,51.3F,3.98
47.05,171,51.3F,3.98
47.1,170,51.3F,3.98
47.15,169,51.3F,3.98
47.2,168,51.3F,3.98
47.25,169,51.3F,3.98
47.3,169,51.3F,3.98
47.35,169,51.3F,3.98
47.4,168,51.3F,3.98
47.45,165,51.3F,3.98
47.5,160,51.3F,3.98
47.55,160,51.3F,3.98
47.6,158,51.3F,3.98
47.65,160,51.3F,3.98
47.7,160,51.3F,3.98
47.75,158,51.3F,3.98
47.8,160,51.3F,3.98
47.85,160,51.3F,3.98
47.9,158,51.3F,3.98
47.95,157,51.3F,3.98
48,155,51.3F,3.98
48.05,154,51.3F,3.98
48.1,151,51.3F,3.98
48.15,151,51.3F,3.98
48.2,148,51.3F,3.98
48.25,147,51.3F,3.98
48.3,146,51.3F,3.98
48.35,145,51.3F,3.98
48.4,144,51.3F,3.98
48.45,143,51.3F,3.98
48.5,143,51.3F,3.98
48.55,142,51.3F,3.98
48.6,140,51.3F,3.98
48.65,139,51.3F,3.98
48.7,139,51.3F,3.98
48.75,139,51.3F,3.98
48.8,136,51.3F,3.98
48.85,135,51.3F,3.98
48.9,136,51.3F,3.98
48.95,135,51.3F,3.98
49,134,51.3F,3.98
49.05,135,51.3F,3.98
49.1,134,51.3F,3.98
49.15,133,51.3F,3.98
49.2,132,51.3F,3.98
49.25,131,51.3F,3.98
49.3,130,51.3F,3.98
49.35,131,51.3F,3.98
49.4,129,51.3F,3.98
49.45,124,51.3F,3.98
49.5,122,51.3F,3.98
49.55,124,51.3F,3.98
49.6,126,51.3F,3.98
49.65,125,51.3F,3.98
49.7,122,51.3F,3.98
49.75,121,51.3F,3.98
49.8,120,51.3F,3.98
49.85,120,51.3F,3.98
49.9,119,51.3F,3.98
49.95,118,51.3F,3.98
50,119,51.3F,3.98
50.05,118,51.3F,3.98
50.1,115,51.3F,3.98
50.15,114,51.3F,3.98
50.2,112,51.3F,3.98
50.25,113,51.3F,3.98
50.3,113,51.3F,3.98
50.35,111,51.3F,3.98
50.4,110,51.3F,3.98
50.45,107,51.3F,3.98
50.5,107,51.3F,3.98
50.55,107,51.3F,3.98
50.6,105,51.3F,3.98
50.65,104,51.3F,3.98
50.7,99,51.3F,3.98
50.75,99,51.3F,3.98
50.8,98,51.3F,3.98
50.85,96,51.3F,3.98
50.9,96,51.3F,3.98
50.95,96,51.3F,3.98
51,95,51.3F,3.98
51.05,92,51.3F,3.98
51.1,92,51.3F,3.98
51.15,91,51.3F,3.98
51.2,90,51.3F,3.98
51.25,90,51.3F,3.98
51.3,91,51.3F,3.98
51.35,91,51.3F,3.98
51.4,90,51.3F,3.98
51.45,88,51.3F,3.98
51.5,88,51.3F,3.98
51.55,87,51.3F,3.98
51.6,85,51.3F,3.98
51.65,84,51.3F,3.98
51.7,83,51.3F,3.98
51.75,82,51.3F,3.98
51.8,81,51.3F,3.98
51.85,79,51.3F,3.98
51.9,78,51.3F,3.98
51.95,76,51.3F,3.98
52,78,51.3F,3.98
52.05,78,51.3F,3.98
52.1,76,51.3F,3.98
52.15,77,51.3F,3.98
52.2,76,51.3F,3.98
52.25,74,51.3F,3.98
52.3,75,51.3F,3.98
52.35,74,51.3F,3.98
52.4,72,51.3F,3.98
52.45,71,51.3F,3.98
52.5,70,51.3F,3.98
52.55,63,51.3F,3.98
52.6,64,51.3F,3.98
52.65,63,51.3F,3.98
52.7,67,51.3F,3.98
52.75,66,51.3F,3.98
52.8,64,51.3F,3.98
52.85,62,51.3F,3.98
52.9,62,51.3F,3.98
52.95,61,51.3F,3.98
53,60,51.3F,3.98
53.05,59,51.3F,3.98
53.1,58,51.3F,3.98
53.15,56,51.3F,3.98
53.2,55,51.3F,3.98
53.25,54,51.3F,3.98
53.3,53,51.3F,3.98
53.35,52,51.3F,3.98
53.4,51,51.3F,3.98
53.45,50,51.3F,3.98
53.5,50,51.2F,3.98
53.55,47,51.3F,3.98
53.6,46,51.3F,3.98
53.65,46,51.3F,3.98
53.7,45,51.3F,3.98
53.75,43,51.3F,3.98
53.8,42,51.3F,3.98
53.85,42,51.3F,3.98
53.9,40,51.3F,3.98
53.95,39,51.3F,3.98
54,38,51.2F,3.98
54.05,37,51.3F,3.98
54.1,36,51.3F,3.98
54.15,36,51.2F,3.98
54.2,35,51.2F,3.98
54.25,34,51.2F,3.98
54.3,32,51.2F,3.98
54.35,32,51.2F,3.98
54.4,30,51.2F,3.98
54.45,31,51.2F,3.98
54.5,31,51.2F,3.98
54.55,30,51.2F,3.98
54.6,28,51.2F,3.98
54.65,26,51.2F,3.98
54.7,25,51.2F,3.98
54.75,25,51.2F,3.98
54.8,25,51.2F,3.98
54.85,24,51.2F,3.98
54.9,22,51.2F,3.98
54.95,20,51.2F,3.98
55,16,51.2F,3.98
55.05,14,51.2F,3.98
55.1,14,51.2F,3.98
55.15,13,51.2F,3.98
55.2,14,51.2F,3.98
55.25,14,51.2F,3.98
55.3,11,51.2F,3.98
55.35,8,51.2F,3.98
55.4,8,51.2F,3.98
55.45,7,51.2F,3.98
55.5,7,51.2F,3.98
55.55,4,51.2F,3.98
55.6,3,51.2F,3.98
55.65,2,51.2F,3.98
55.7,0,51.2F,3.98
55.75,0,51.2F,3.98
55.8,2,51.2F,3.98
55.85,2,51.2F,3.98
55.9,-4,51.2F,3.98
55.95,-26,51.2F,3.98
56,-3,51.2F,3.98
56.05,-3,51.2F,3.98
56.1,-3,51.2F,3.98
56.15,-3,51.2F,3.98
56.2,-4,51.2F,3.98
56.25,-4,51.2F,3.98
56.3,-3,51.2F,3.98
56.35,-3,51.2F,3.98
56.4,-5,51.2F,3.98
56.45,-4,51.2F,3.98
56.5,-3,51.2F,3.98
56.55,-4,51.2F,3.98
56.6,-3,51.2F,3.98
56.65,-3,51.2F,3.98
56.7,-3,51.2F,3.98
56.75,-4,51.2F,3.98
56.8,-3,51.2F,3.98
56.85,-4,51.2F,3.98
56.9,-3,51.2F,3.98
56.95,-3,51.2F,3.98
57,-4,51.2F,3.98
57.05,-3,51.2F,3.98
57.1,-4,51.2F,3.98
57.15,-4,51.2F,3.98
57.2,-3,51.2F,3.98
57.25,-4,51.2F,3.98
57.3,-3,51.2F,3.98
57.35,-4,51.2F,3.98
57.4,-4,51.2F,3.98
57.45,-3,51.2F,3.98
57.5,-3,51.2F,3.98
57.55,-3,51.2F,3.98
57.6,-4,51.2F,3.98
57.65,-3,51.2F,3.98
57.7,-3,51.2F,3.98
57.75,-4,51.2F,3.98
57.8,-3,51.2F,3.98
57.85,-3,51.2F,3.98
57.9,-3,51.2F,3.98
57.95,-4,51.2F,3.98
58,-3,51.2F,3.98
58.05,-4,51.2F,3.98
58.1,-3,51.2F,3.98
58.15,-3,51.2F,3.98
58.2,-4,51.2F,3.98
58.25,-4,51.2F,3.98
58.3,-4,51.2F,3.98
58.35,-4,51.2F,3.98
58.4,-4,51.2F,3.98
58.45,-3,51.2F,3.98
58.5,-3,51.2F,3.98
58.55,-3,51.2F,3.98
58.6,-3,51.2F,3.98
58.65,-4,51.2F,3.98
58.7,-4,51.2F,3.98
58.75,-4,51.2F,3.98
58.8,-3,51.2F,3.98
58.85,-3,51.2F,3.98
58.9,-4,51.2F,3.98
58.95,-4,51.2F,3.98
59,-3,51.2F,3.98
59.05,-3,51.2F,3.98
59.1,-3,51.2F,3.98
59.15,-3,51.2F,3.98
59.2,-4,51.2F,3.98
59.25,-4,51.2F,3.98
59.3,-4,51.2F,3.98
59.35,-4,51.2F,3.98
59.4,-4,51.2F,3.98
59.45,-4,51.2F,3.98
59.5,-4,51.2F,3.98
59.55,-4,51.2F,3.98
59.6,-4,51.2F,3.98
59.65,-3,51.2F,3.98
59.7,-4,51.2F,3.98
59.75,-4,51.2F,3.98
59.8,-4,51.2F,3.98
59.85,-4,51.2F,3.98
59.9,-4,51.2F,3.98
59.95,-4,51.2F,3.98
60,-4,51.2F,3.98
60.05,-4,51.2F,3.98
60.1,-3,51.2F,3.98
60.15,-3,51.2F,3.98
60.2,-3,51.2F,3.98
60.25,-4,51.2F,3.98
60.3,-4,51.2F,3.98
60.35,-4,51.2F,3.98
60.4,-4,51.2F,3.98
60.45,-4,51.2F,3.98
60.5,-4,51.2F,3.98
60.55,-3,51.2F,3.98
60.6,-3,51.2F,3.98
60.65,-3,51.2F,3.98
60.7,-3,51.2F,3.98
60.75,-3,51.2F,3.98
60.8,-3,51.2F,3.98
60.85,-4,51.2F,3.98
60.9,-4,51.2F,3.98
60.95,-3,51.2F,3.98
61,-3,51.2F,3.98
61.05,-3,51.2F,3.98
61.1,-3,51.2F,3.98
61.15,-4,51.2F,3.98
61.2,-3,51.2F,3.98
61.25,-3,51.2F,3.98
61.3,-4,51.2F,3.98
61.35,-4,51.2F,3.98
61.4,-3,51.2F,3.98
61.45,-4,51.2F,3.98
61.5,-3,51.2F,3.98
61.55,-4,51.2F,3.98
61.6,-4,51.2F,3.98
61.65,-3,51.2F,3.98
61.7,-4,51.2F,3.98
61.75,-4,51.2F,3.98
61.8,-3,51.2F,3.98
61.85,-3,51.2F,3.98
61.9,-4,51.2F,3.98
61.95,-3,51.2F,3.98
62,-3,51.2F,3.98
62.05,-4,51.2F,3.98
62.1,-3,51.2F,3.98
62.15,-4,51.2F,3.98
62.2,-4,51.2F,3.98
62.25,-4,51.2F,3.98
62.3,-4,51.2F,3.98
62.35,-4,51.2F,3.98
62.4,-3,51.2F,3.98
62.45,-3,51.2F,3.98
62.5,-3,51.2F,3.98
62.55,-3,51.1F,3.98
62.6,-4,51.1F,3.98
62.65,-3,51.2F,3.98
62.7,-3,51.1F,3.98
62.75,-3,51.1F,3.98
62.8,-4,51.2F,3.98
62.85,-4,51.2F,3.98
62.9,-4,51.1F,3.98
62.95,-4,51.1F,3.98
63,-3,51.1F,3.98
63.05,-3,51.1F,3.98
63.1,-4,51.1F,3.98
63.15,-4,51.1F,3.98
63.2,-4,51.1F,3.98
63.25,-3,51.1F,3.98
63.3,-4,51.1F,3.98
63.35,-4,51.1F,3.98
63.4,-3,51.1F,3.98
63.45,-3,51.1F,3.98
63.5,-4,51.1F,3.98
63.55,-2,51.1F,3.98
63.6,-3,51.1F,3.98
63.65,-4,51.1F,3.98
63.7,-4,51.1F,3.98
63.75,-3,51.1F,3.98
63.8,-3,51.1F,3.98
63.85,-3,51.1F,3.98
63.9,-3,51.1F,3.98
63.95,-3,51.1F,3.98
64,-3,51.1F,3.98
64.05,-3,51.1F,3.98
64.1,-3,51.1F,3.98
64.15,-4,51.1F,3.98
64.2,-3,51.1F,3.98
64.25,-3,51.1F,3.98
64.3,-4,51.1F,3.98
64.35,-3,51.1F,3.98
64.4,-4,51.1F,3.98
64.45,-3,51.1F,3.98
64.5,-4,51.1F,3.98
64.55,-4,51.1F,3.98
64.6,-4,51.1F,3.98
64.65,-4,51.1F,3.98
64.7,-4,51.1F,3.98
64.75,-3,51.1F,3.98
